City_ID,City,Country,Date,Lat,Lng,Max Temp,Humidity,Cloudiness,Wind Speed
0,Fort Frances,CA,2021-12-30 19:13:07,48.5999,-93.4003,1.17,77,90,1.99
1,Ilulissat,GL,2021-12-30 19:15:30,69.2167,-51.1,8.62,43,20,3.44
2,Arraial Do Cabo,BR,2021-12-30 19:15:31,-22.9661,-42.0278,76.86,88,90,11.5
3,Airai,TL,2021-12-30 19:15:31,-8.9266,125.4092,60.33,90,100,0.78
4,Butaritari,KI,2021-12-30 19:15:32,3.0707,172.7902,81.66,74,99,8.97
5,Teya,RU,2021-12-30 19:15:32,60.3778,92.6267,-0.6,95,100,8.52
6,Castro,BR,2021-12-30 19:15:32,-24.7911,-50.0119,63.43,93,100,3.69
7,Yellowknife,CA,2021-12-30 19:15:33,62.456,-114.3525,-17.72,82,75,5.75
8,Lorengau,PG,2021-12-30 19:15:33,-2.0226,147.2712,80.73,79,100,7.0
9,Thinadhoo,MV,2021-12-30 19:15:33,0.5333,72.9333,81.9,70,70,12.68
10,Mataura,NZ,2021-12-30 19:15:34,-46.1927,168.8643,50.49,70,100,3.36
11,Nikolskoye,RU,2021-12-30 19:15:34,59.7035,30.7861,18.39,95,100,8.3
12,Dakar,SN,2021-12-30 19:15:35,14.6937,-17.4441,85.08,61,0,4.61
13,Sao Filipe,CV,2021-12-30 19:15:35,14.8961,-24.4956,77.22,61,0,5.23
14,Bredasdorp,ZA,2021-12-30 19:15:36,-34.5322,20.0403,61.29,72,37,3.44
15,Puerto Ayora,EC,2021-12-30 19:15:36,-0.7393,-90.3518,80.56,75,80,9.66
16,Rio Gallegos,AR,2021-12-30 19:15:36,-51.6226,-69.2181,66.25,22,90,17.27
17,Jamestown,US,2021-12-30 19:11:05,42.097,-79.2353,44.1,72,90,1.01
18,Bambous Virieux,MU,2021-12-30 19:15:37,-20.3428,57.7575,77.25,65,20,9.22
19,Seoul,KR,2021-12-30 19:13:56,37.5683,126.9778,20.68,28,2,12.88
20,Hobart,AU,2021-12-30 19:15:32,-42.8794,147.3294,55.26,57,20,5.75
21,Lumeje,AO,2021-12-30 19:15:38,-11.55,20.7833,66.09,91,100,2.95
22,Ahipara,NZ,2021-12-30 19:15:38,-35.1667,173.1667,66.34,62,100,12.24
23,Burriana,ES,2021-12-30 19:15:38,39.889,-0.085,61.75,74,6,3.18
24,Kapaa,US,2021-12-30 19:15:39,22.0752,-159.319,73.72,86,90,5.01
25,Salalah,OM,2021-12-30 19:15:39,17.0151,54.0924,77.09,73,40,2.3
26,Ponta Do Sol,PT,2021-12-30 19:15:40,32.6667,-17.1,68.13,38,52,5.64
27,Araouane,ML,2021-12-30 19:15:40,18.9048,-3.5265,73.0,15,0,10.07
28,Touros,BR,2021-12-30 19:15:40,-5.1989,-35.4608,86.9,66,58,14.05
29,Norman Wells,CA,2021-12-30 19:15:41,65.282,-126.8329,-23.76,76,75,3.44
30,Dunkwa,GH,2021-12-30 19:15:41,5.9656,-1.78,80.29,77,93,5.03
31,Punta Arenas,CL,2021-12-30 19:15:41,-53.15,-70.9167,55.51,62,75,18.41
32,Bereda,ES,2021-12-30 19:15:42,43.2686,-7.5406,53.35,94,0,2.44
33,Bonavista,CA,2021-12-30 19:15:42,48.6499,-53.1147,34.12,89,52,17.9
34,Esperance,AU,2021-12-30 19:15:43,-33.8667,121.9,66.04,92,0,8.86
35,Chapais,CA,2021-12-30 19:15:43,49.7834,-74.8492,13.78,84,100,5.39
36,Rikitea,PF,2021-12-30 19:15:44,-23.1203,-134.9692,77.43,77,21,12.08
37,Constitucion,CL,2021-12-30 19:15:44,-35.3333,-72.4167,67.19,57,0,21.88
38,Tuatapere,NZ,2021-12-30 19:15:44,-46.1333,167.6833,50.83,74,100,6.69
39,Albany,US,2021-12-30 19:12:28,42.6001,-73.9662,45.63,87,81,1.92
40,Fundata,RO,2021-12-30 19:15:45,45.4367,25.2751,30.52,96,91,4.32
41,Isangel,VU,2021-12-30 19:15:45,-19.55,169.2667,80.62,85,100,6.78
42,Playas,EC,2021-12-30 19:15:45,-2.6333,-80.3833,77.85,70,4,14.63
43,Havelock,US,2021-12-30 19:15:46,34.8791,-76.9013,73.98,83,20,8.01
44,Luanda,AO,2021-12-30 19:10:57,-8.8368,13.2343,77.63,84,100,8.61
45,Laguna,US,2021-12-30 19:15:47,38.421,-121.4238,54.1,80,1,1.01
46,Hirara,JP,2021-12-30 19:16:47,24.8,125.2833,64.54,64,100,21.88
47,Leningradskiy,RU,2021-12-30 19:16:47,69.3833,178.4167,-14.8,95,100,5.77
48,Ostrovnoy,RU,2021-12-30 19:16:48,68.0531,39.5131,15.37,95,100,9.44
49,Pangnirtung,CA,2021-12-30 19:16:48,66.1451,-65.7125,-0.4,71,75,4.61
50,Shenjiamen,CN,2021-12-30 19:16:48,29.9576,122.298,44.87,50,0,11.14
51,Nayoro,JP,2021-12-30 19:16:49,44.3506,142.4578,18.52,95,100,5.46
52,Coquimbo,CL,2021-12-30 19:16:49,-29.9533,-71.3436,69.53,68,20,16.11
53,Dingle,PH,2021-12-30 19:16:50,10.9995,122.6711,74.01,90,99,12.5
54,Vaini,TO,2021-12-30 19:16:50,-21.2,-175.2,80.76,89,75,2.3
55,Hilo,US,2021-12-30 19:15:59,19.7297,-155.09,72.39,46,90,8.05
56,Busselton,AU,2021-12-30 19:16:51,-33.65,115.3333,63.05,85,66,12.68
57,Talnakh,RU,2021-12-30 19:16:51,69.4865,88.3972,-9.8,99,100,0.49
58,Tiksi,RU,2021-12-30 19:16:51,71.6872,128.8694,-30.78,100,100,4.63
59,Jertih,MY,2021-12-30 19:16:52,5.7336,102.4897,80.47,91,100,11.48
60,Mount Gambier,AU,2021-12-30 19:16:52,-37.8333,140.7667,58.82,53,0,2.08
61,Souillac,MU,2021-12-30 19:16:52,-20.5167,57.5167,77.38,65,20,9.22
62,Tuktoyaktuk,CA,2021-12-30 19:16:53,69.4541,-133.0374,-25.6,68,40,5.75
63,Ende,ID,2021-12-30 19:16:53,-8.8432,121.6623,77.81,88,100,0.58
64,Sao Joao Do Paraiso,BR,2021-12-30 19:16:54,-15.3136,-42.0144,76.91,67,100,6.13
65,Dikson,RU,2021-12-30 19:16:54,73.5069,80.5464,-15.72,96,93,4.74
66,Neuquen,AR,2021-12-30 19:14:09,-38.9516,-68.0591,82.29,20,0,6.91
67,Lompoc,US,2021-12-30 19:16:54,34.6391,-120.4579,60.57,79,90,0.0
68,Palana,RU,2021-12-30 19:16:55,59.1167,159.9667,-8.77,98,50,6.73
69,Grindavik,IS,2021-12-30 19:16:55,63.8424,-22.4338,28.87,74,75,4.61
70,Ushuaia,AR,2021-12-30 19:15:42,-54.8,-68.3,58.62,47,75,9.22
71,Port Alfred,ZA,2021-12-30 19:16:56,-33.5906,26.891,66.31,74,100,8.19
72,Tinaquillo,VE,2021-12-30 19:16:56,9.9186,-68.3047,89.94,34,100,3.22
73,Charleston,US,2021-12-30 19:15:02,32.7766,-79.9309,81.21,83,20,4.0
74,Shimanovsk,RU,2021-12-30 19:16:57,52.0,127.7,-21.33,90,20,5.14
75,Wanning,CN,2021-12-30 19:16:57,18.8003,110.3967,66.85,87,99,7.83
76,Kaitangata,NZ,2021-12-30 19:16:58,-46.2817,169.8464,53.92,79,100,3.71
77,Lovington,US,2021-12-30 19:16:58,32.944,-103.3485,60.78,36,100,7.0
78,Byron Bay,AU,2021-12-30 19:12:18,-28.65,153.6167,73.06,81,51,7.61
79,Port Hedland,AU,2021-12-30 19:16:59,-20.3167,118.5667,82.45,78,40,5.75
80,Ribeira Grande,PT,2021-12-30 19:16:59,38.5167,-28.7,63.0,94,75,28.77
81,East London,ZA,2021-12-30 19:16:59,-33.0153,27.9116,68.05,69,100,7.92
82,Lebu,CL,2021-12-30 19:17:00,-37.6167,-73.65,60.28,62,0,17.45
83,Auki,SB,2021-12-30 19:17:00,-8.7676,160.7034,80.29,81,100,6.17
84,Ust-Tsilma,RU,2021-12-30 19:17:01,65.441,52.1498,13.23,92,100,7.96
85,Beringovskiy,RU,2021-12-30 19:17:01,63.05,179.3167,0.54,94,100,14.38
86,Zhezkazgan,KZ,2021-12-30 19:17:01,47.8043,67.7144,7.75,79,96,9.4
87,Makakilo City,US,2021-12-30 19:17:02,21.3469,-158.0858,73.0,85,90,3.44
88,Santiago,CL,2021-12-30 19:17:02,-33.4569,-70.6483,91.29,28,0,8.05
89,Mar Del Plata,AR,2021-12-30 19:17:02,-38.0023,-57.5575,84.22,37,0,14.0
90,Taoudenni,ML,2021-12-30 19:17:03,22.6783,-3.9836,73.54,22,0,11.25
91,Te Anau,NZ,2021-12-30 19:17:03,-45.4167,167.7167,48.43,78,100,3.78
92,Qaanaaq,GL,2021-12-30 19:17:04,77.484,-69.3632,-16.29,81,89,6.6
93,Victoria,HK,2021-12-30 19:17:04,22.2855,114.1577,65.32,85,82,1.01
94,Broken Hill,AU,2021-12-30 19:18:04,-31.95,141.4333,74.12,29,0,7.54
95,Bull Savanna,JM,2021-12-30 19:18:05,17.8868,-77.5902,83.46,59,1,15.32
96,Komsomolskiy,UZ,2021-12-30 19:18:05,40.4272,71.7189,30.92,64,100,2.3
97,Esil,KZ,2021-12-30 19:18:05,51.9556,66.4042,1.81,85,100,8.1
98,Los Angeles,US,2021-12-30 19:16:09,34.0522,-118.2437,59.27,94,90,6.91
99,Preobrazheniye,RU,2021-12-30 19:18:06,42.9019,133.9064,-0.44,60,3,9.91
100,Port Lincoln,AU,2021-12-30 19:18:06,-34.7333,135.8667,63.72,78,0,3.96
101,Atuona,PF,2021-12-30 19:18:07,-9.8,-139.0333,78.62,77,10,19.04
102,Port Elizabeth,ZA,2021-12-30 19:18:07,-33.918,25.5701,66.09,88,40,0.0
103,Bintulu,MY,2021-12-30 19:18:07,3.1667,113.0333,73.81,94,20,2.3
104,Sorong,ID,2021-12-30 19:18:08,-0.8833,131.25,80.53,80,64,10.0
105,Dustlik,UZ,2021-12-30 19:18:08,40.5247,68.0358,42.57,34,100,11.45
106,Cape Town,ZA,2021-12-30 19:16:05,-33.9258,18.4232,64.11,67,0,5.01
107,Bluff,NZ,2021-12-30 19:18:09,-46.6,168.3333,50.81,75,100,13.29
108,Sirnach,CH,2021-12-30 19:18:09,47.4622,8.9976,54.19,93,100,3.36
109,Riyadh,SA,2021-12-30 19:17:33,24.6877,46.7219,62.74,62,32,5.35
110,Fortuna,US,2021-12-30 19:14:49,40.5982,-124.1573,49.66,85,40,4.0
111,Lavrentiya,RU,2021-12-30 19:18:10,65.5833,-171.0,-16.6,91,31,7.07
112,Hithadhoo,MV,2021-12-30 19:18:10,-0.6,73.0833,82.53,70,17,12.17
113,Verkhnevilyuysk,RU,2021-12-30 19:18:11,63.4453,120.3167,-40.76,100,75,2.39
114,Itarema,BR,2021-12-30 19:18:11,-2.9248,-39.9167,84.99,65,32,15.05
115,Verkhnyaya Inta,RU,2021-12-30 19:18:12,65.9811,60.3094,13.26,95,100,7.34
116,Sept-Iles,CA,2021-12-30 19:14:52,50.2001,-66.3821,31.05,81,75,3.0
117,Saint-Augustin,CA,2021-12-30 19:18:12,51.226,-58.6502,20.43,92,100,1.16
118,Saint George,US,2021-12-30 19:17:26,37.1041,-113.5841,44.64,85,90,8.99
119,Saint-Joseph,RE,2021-12-30 19:18:13,-21.3667,55.6167,75.58,76,85,12.37
120,Egvekinot,RU,2021-12-30 19:18:13,66.3167,-179.1667,-15.47,85,8,10.4
121,Bethel,US,2021-12-30 19:18:13,41.3712,-73.414,47.19,88,90,0.0
122,Carnarvon,AU,2021-12-30 19:18:14,-24.8667,113.6333,73.47,83,40,18.41
123,Ndele,CF,2021-12-30 19:18:14,8.4109,20.6473,80.85,26,15,4.45
124,Haftoni,AZ,2021-12-30 19:18:14,38.7632,48.7622,44.31,87,90,2.3
125,Masterton,NZ,2021-12-30 19:14:14,-40.9597,175.6575,62.96,85,98,0.58
126,Kirakira,SB,2021-12-30 19:18:15,-10.4544,161.9205,80.04,83,100,5.75
127,Katsuura,JP,2021-12-30 19:18:16,35.1333,140.3,42.91,62,10,15.61
128,New Norfolk,AU,2021-12-30 19:18:16,-42.7826,147.0587,54.9,59,100,4.07
129,Pechenga,RU,2021-12-30 19:18:16,69.5259,31.1703,14.86,99,98,3.76
130,Saint-Philippe,RE,2021-12-30 19:18:17,-21.3585,55.7679,76.59,79,99,12.77
131,Korla,CN,2021-12-30 19:18:17,41.7597,86.1469,17.82,70,12,3.18
132,Kahului,US,2021-12-30 19:18:17,20.8947,-156.47,75.97,79,40,3.44
133,Adrar,MR,2021-12-30 19:18:18,20.5022,-10.0711,72.16,19,0,10.33
134,Coihaique,CL,2021-12-30 19:16:22,-45.5752,-72.0662,61.41,54,75,4.61
135,Hermanus,ZA,2021-12-30 19:18:18,-34.4187,19.2345,63.9,63,94,12.55
136,Namatanai,PG,2021-12-30 19:18:19,-3.6667,152.4333,80.19,83,91,6.26
137,Oneonta,US,2021-12-30 19:16:45,42.4529,-75.0638,45.28,92,100,1.66
138,Severo-Kurilsk,RU,2021-12-30 19:18:20,50.6789,156.125,30.88,97,100,34.69
139,Dongsheng,CN,2021-12-30 19:19:20,39.8161,109.9776,16.75,35,3,6.58
140,Teknaf,BD,2021-12-30 19:19:20,20.8624,92.3058,66.27,64,51,9.55
141,San Cristobal,VE,2021-12-30 19:19:21,7.7669,-72.225,78.98,41,100,2.44
142,Camacha,PT,2021-12-30 19:19:21,33.0833,-16.3333,63.82,88,20,10.36
143,Druzhba,UA,2021-12-30 19:19:21,52.0428,33.9453,16.84,97,93,5.84
144,Hofn,IS,2021-12-30 19:19:22,64.2539,-15.2082,32.0,71,63,17.05
145,Oussouye,SN,2021-12-30 19:19:22,12.485,-16.5469,82.49,38,5,8.59
146,Viedma,AR,2021-12-30 19:19:23,-40.8135,-62.9967,75.63,15,0,14.56
147,Khorramshahr,IR,2021-12-30 19:19:23,30.4397,48.1664,55.36,100,75,4.61
148,Asfi,MA,2021-12-30 19:19:24,32.2994,-9.2372,67.33,55,0,4.27
149,Atar,MR,2021-12-30 19:19:24,20.5169,-13.0499,75.81,15,0,9.98
150,Caravelas,BR,2021-12-30 19:19:24,-17.7125,-39.2481,82.44,66,48,8.28
151,Clyde River,CA,2021-12-30 19:19:25,70.4692,-68.5914,-16.37,76,40,12.66
152,Takoradi,GH,2021-12-30 19:19:25,4.8845,-1.7554,81.7,81,5,10.07
153,Pevek,RU,2021-12-30 19:19:26,69.7008,170.3133,-14.51,95,100,2.86
154,Avarua,CK,2021-12-30 19:19:26,-21.2078,-159.775,80.65,78,20,12.66
155,Atbasar,KZ,2021-12-30 19:19:27,51.8,68.3333,-3.05,92,100,5.68
156,Namibe,AO,2021-12-30 19:19:27,-15.1961,12.1522,72.43,74,49,4.21
157,Grand Gaube,MU,2021-12-30 19:19:27,-20.0064,57.6608,77.4,66,55,4.0
158,Cabo San Lucas,MX,2021-12-30 19:18:45,22.8909,-109.9124,83.52,73,94,4.38
159,Coahuayana,MX,2021-12-30 19:19:28,18.7333,-103.6833,86.76,46,0,6.2
160,Pringsewu,ID,2021-12-30 19:19:28,-5.3582,104.9744,73.96,95,100,2.71
161,Flin Flon,CA,2021-12-30 19:19:29,54.7682,-101.865,-23.96,69,20,3.44
162,Tasiilaq,GL,2021-12-30 19:19:29,65.6145,-37.6368,12.36,53,0,5.28
163,Kucura,RS,2021-12-30 19:19:29,45.5195,19.5838,42.82,90,94,4.83
164,Fakse Ladeplads,DK,2021-12-30 19:19:30,55.2198,12.1701,49.01,98,100,16.11
165,Hay River,CA,2021-12-30 19:19:30,60.8156,-115.7999,-27.42,75,75,8.05
166,Nicoya,CR,2021-12-30 19:19:31,10.1483,-85.452,90.95,46,66,5.44
167,Kodiak,US,2021-12-30 19:19:31,57.79,-152.4072,35.58,91,100,5.39
168,Moate,IE,2021-12-30 19:19:31,53.55,-7.7167,54.12,99,100,4.47
169,Miyako,JP,2021-12-30 19:19:32,39.6367,141.9525,24.08,79,14,9.73
170,Monrovia,LR,2021-12-30 19:17:03,6.3005,-10.7969,83.97,78,19,11.56
171,Cidreira,BR,2021-12-30 19:19:32,-30.1811,-50.2056,75.94,75,89,21.72
172,Aksha,RU,2021-12-30 19:19:33,50.2814,113.2867,-6.21,95,100,0.87
173,Ambilobe,MG,2021-12-30 19:19:33,-13.2,49.05,77.38,83,100,2.89
174,Sambava,MG,2021-12-30 19:19:33,-14.2667,50.1667,79.12,85,100,12.93
175,Kaeo,NZ,2021-12-30 19:16:21,-35.1,173.7833,62.33,85,6,6.49
176,Barrow,US,2021-12-30 19:19:34,71.2906,-156.7887,-21.98,76,1,4.61
177,Kavieng,PG,2021-12-30 19:19:34,-2.5744,150.7967,82.99,77,100,13.31
178,Rawson,AR,2021-12-30 19:19:35,-43.3002,-65.1023,72.7,26,7,11.63
179,Portland,US,2021-12-30 19:19:35,45.5234,-122.6762,41.45,93,90,4.0
180,Muros,ES,2021-12-30 19:19:36,42.7762,-9.0603,57.24,90,37,18.54
181,Tual,ID,2021-12-30 19:19:36,-5.6667,132.75,82.72,79,100,12.84
182,Kharp,RU,2021-12-30 19:20:36,66.8014,65.8081,-20.15,95,40,4.03
183,Waipawa,NZ,2021-12-30 19:20:37,-41.4122,175.5153,60.93,83,100,0.74
184,Saldanha,ZA,2021-12-30 19:20:37,-33.0117,17.9442,64.45,75,7,19.91
185,Matamoros,MX,2021-12-30 19:20:38,25.5333,-103.25,74.1,34,51,3.11
186,Thunder Bay,CA,2021-12-30 19:17:18,48.4001,-89.3168,12.29,74,90,0.0
187,Vestmanna,FO,2021-12-30 19:20:38,62.1564,-7.1664,38.32,87,90,21.85
188,Lerwick,GB,2021-12-30 19:20:38,60.1545,-1.1494,48.2,91,85,18.77
189,Vila Velha,BR,2021-12-30 19:20:39,-20.3297,-40.2925,80.55,82,20,10.0
190,Kupang,ID,2021-12-30 19:20:39,-10.1667,123.5833,79.09,84,100,6.2
191,Petatlan,MX,2021-12-30 19:20:39,17.5167,-101.2667,87.6,54,0,6.29
192,Raghogarh,IN,2021-12-30 19:20:40,24.45,77.2,50.05,83,0,7.45
193,Narsaq,GL,2021-12-30 19:20:40,60.9167,-46.05,14.22,56,32,7.36
194,Sorland,NO,2021-12-30 19:20:41,67.667,12.6934,35.46,74,100,12.68
195,Sitka,US,2021-12-30 19:20:41,57.0531,-135.33,30.09,64,40,3.44
196,Fairbanks,US,2021-12-30 19:20:41,64.8378,-147.7164,9.1,82,75,0.0
197,Fort Nelson,CA,2021-12-30 19:20:42,58.8053,-122.7002,-17.01,76,20,0.0
198,Prudentopolis,BR,2021-12-30 19:20:42,-25.2131,-50.9778,73.0,67,98,3.89
199,Torbay,CA,2021-12-30 19:20:42,47.6666,-52.7314,32.77,91,75,1.01
200,Chuy,UY,2021-12-30 19:20:43,-33.6971,-53.4616,80.47,61,3,15.21
201,Ancud,CL,2021-12-30 19:20:43,-41.8697,-73.8203,67.42,60,35,12.93
202,Asau,RO,2021-12-30 19:20:44,46.4333,26.4,25.75,93,100,6.29
203,Virginia Beach,US,2021-12-30 19:17:10,36.8529,-75.978,55.62,97,90,5.75
204,Kuwana,JP,2021-12-30 19:20:44,35.0667,136.7,39.33,85,100,13.22
205,Odweyne,SO,2021-12-30 19:20:44,9.4092,45.064,67.89,58,15,5.17
206,Opuwo,NA,2021-12-30 19:20:45,-18.0607,13.84,73.89,31,56,11.32
207,Ulaangom,MN,2021-12-30 19:20:45,49.9811,92.0667,-4.92,99,100,0.96
208,Carmarthen,GB,2021-12-30 19:20:45,51.8555,-4.3054,56.89,94,90,28.77
209,Nador,MA,2021-12-30 19:20:46,35.174,-2.9287,57.45,94,0,6.91
210,Gazanjyk,TM,2021-12-30 19:20:46,39.2446,55.5154,41.0,51,14,6.85
211,Mormugao,IN,2021-12-30 19:20:47,15.4,73.8,76.26,78,20,5.75
212,Ahuimanu,US,2021-12-30 19:20:47,21.4447,-157.8378,74.19,80,90,4.0
213,Bougouni,ML,2021-12-30 19:20:47,11.417,-7.479,82.17,14,0,4.36
214,Saskylakh,RU,2021-12-30 19:20:48,71.9167,114.0833,-34.33,100,26,3.69
215,Chokurdakh,RU,2021-12-30 19:20:48,70.6333,147.9167,-26.18,99,100,4.97
216,Talavera De La Reina,ES,2021-12-30 19:20:49,39.9635,-4.8308,50.7,72,1,4.38
217,Palmer,US,2021-12-30 19:20:49,42.1584,-72.3287,45.63,83,75,0.0
218,Skjervoy,NO,2021-12-30 19:20:49,70.0311,20.9714,28.58,69,100,17.63
219,Margate,GB,2021-12-30 19:20:50,51.3813,1.3862,57.96,82,100,3.0
220,Bengkulu,ID,2021-12-30 19:20:50,-3.8004,102.2655,75.0,92,100,4.32
221,Gonen,TR,2021-12-30 19:20:50,40.1049,27.654,53.02,57,100,14.12
222,Dunedin,NZ,2021-12-30 19:19:00,-45.8742,170.5036,50.81,75,100,5.1
223,Kontagora,NG,2021-12-30 19:20:51,10.3999,5.4695,79.48,19,10,3.85
224,San Patricio,US,2021-12-30 19:20:51,28.017,-97.5169,83.93,54,2,6.58
225,Brae,GB,2021-12-30 19:20:52,60.3964,-1.353,48.11,90,90,17.76
226,Bilma,NE,2021-12-30 19:20:52,18.6853,12.9164,67.37,24,0,7.96
227,Male,MV,2021-12-30 19:20:52,4.1748,73.5089,81.7,73,100,12.8
228,Tazovskiy,RU,2021-12-30 19:21:53,67.4667,78.7,-24.21,100,92,6.15
229,Dunda,TZ,2021-12-30 19:21:53,-8.1167,34.25,70.12,72,97,6.64
230,Izvoarele,RO,2021-12-30 19:21:54,45.0333,25.2667,39.04,99,96,3.53
231,Provideniya,RU,2021-12-30 19:21:54,64.3833,-173.3,-5.93,88,91,14.34
232,Vallenar,CL,2021-12-30 19:21:54,-28.5708,-70.7581,82.13,37,0,12.68
233,Lanxi,CN,2021-12-30 19:21:55,29.2195,119.477,38.52,56,0,4.32
234,Mahebourg,MU,2021-12-30 19:21:55,-20.4081,57.7,77.29,65,20,9.22
235,Aklavik,CA,2021-12-30 19:21:56,68.2191,-135.0107,-25.6,75,75,3.44
236,Port Shepstone,ZA,2021-12-30 19:21:56,-30.7414,30.455,70.56,91,100,21.21
237,Luebo,CD,2021-12-30 19:21:57,-5.35,21.4167,70.65,97,100,1.34
238,Georgetown,MY,2021-12-30 19:21:57,5.4112,100.3354,78.73,92,40,3.44
239,Vernon,CA,2021-12-30 19:21:11,50.2581,-119.2691,13.3,75,96,1.01
240,Kharod,IN,2021-12-30 19:21:58,21.75,82.5667,62.42,70,0,6.17
241,Puerto Escondido,MX,2021-12-30 19:21:58,15.85,-97.0667,83.82,51,0,7.23
242,Adre,TD,2021-12-30 19:21:59,13.4667,22.2,72.48,25,11,7.85
243,Montijo,PT,2021-12-30 19:21:59,38.7067,-8.9739,60.08,88,0,3.44
244,Yumen,CN,2021-12-30 19:21:59,40.2833,97.2,20.68,45,20,20.2
245,San Felipe,VE,2021-12-30 19:22:00,10.3399,-68.7425,83.3,56,100,9.44
246,Svetlogorsk,BY,2021-12-30 19:22:00,52.6333,29.7333,24.51,96,100,8.05
247,Aykhal,RU,2021-12-30 19:22:01,66.0,111.5,-23.12,96,10,1.12
248,Longyearbyen,SJ,2021-12-30 19:21:34,78.2186,15.6401,4.84,66,0,11.5
249,Pozo Colorado,PY,2021-12-30 19:22:01,-23.4923,-58.7972,98.42,34,7,12.28
250,Dongning,CN,2021-12-30 19:22:01,44.0622,131.1207,-8.95,74,20,12.73
251,Sioux Lookout,CA,2021-12-30 19:22:02,50.1001,-91.917,-9.02,77,90,3.44
252,Mareeba,AU,2021-12-30 19:22:02,-17.0,145.4333,71.44,89,14,3.13
253,Hambantota,LK,2021-12-30 19:22:03,6.1241,81.1185,76.21,90,11,13.06
254,Hamilton,US,2021-12-30 19:21:59,39.1834,-84.5333,51.12,92,90,1.01
255,Sisimiut,GL,2021-12-30 19:22:03,66.9395,-53.6735,11.32,77,100,4.63
256,Horta,PT,2021-12-30 19:22:04,38.5333,-28.6333,62.24,94,75,28.77
257,San Quintin,MX,2021-12-30 19:22:04,30.4833,-115.95,62.91,68,95,18.07
258,Almaznyy,RU,2021-12-30 19:22:04,48.0448,40.045,30.34,95,99,3.27
259,Avera,US,2021-12-30 19:22:05,33.194,-82.5271,80.44,71,100,13.0
260,Vardo,NO,2021-12-30 19:22:05,70.3705,31.1107,30.18,74,75,18.41
261,Segou,ML,2021-12-30 19:22:05,13.4317,-6.2157,80.89,11,0,8.28
262,Zyryanka,RU,2021-12-30 19:22:06,65.75,150.85,-24.18,98,100,3.2
263,Rio Grande,BR,2021-12-30 19:22:06,-32.035,-52.0986,86.11,66,0,21.59
264,Kortkeros,RU,2021-12-30 19:22:07,61.8106,51.5806,12.2,94,100,7.9
265,Abrau-Dyurso,RU,2021-12-30 19:22:07,44.69,37.59,36.86,80,41,5.28
266,Fuerte,PH,2021-12-30 19:22:08,17.5381,120.3644,71.46,71,0,9.37
267,Yulara,AU,2021-12-30 19:22:08,-25.2406,130.9889,78.64,24,75,9.22
268,Upernavik,GL,2021-12-30 19:22:09,72.7868,-56.1549,-13.68,99,66,13.15
269,Kushiro,JP,2021-12-30 19:22:09,42.975,144.3747,23.38,65,77,14.76
270,Hinton,CA,2021-12-30 19:23:09,53.4001,-117.5857,1.11,89,100,4.0
271,Nyurba,RU,2021-12-30 19:23:10,63.2842,118.3319,-38.78,100,94,2.86
272,Saint-Louis,SN,2021-12-30 19:23:10,16.3333,-15.0,82.38,11,0,8.39
273,Rorvik,NO,2021-12-30 19:23:10,64.8621,11.2373,32.11,93,75,6.91
274,Kothen,DE,2021-12-30 19:23:11,51.75,11.9667,58.75,82,100,16.53
275,Moose Factory,CA,2021-12-30 19:23:11,51.2585,-80.6094,6.8,66,90,13.8
276,Liezen,AT,2021-12-30 19:23:12,47.5667,14.2333,53.13,99,100,3.8
277,Torrington,US,2021-12-30 19:23:12,41.8007,-73.1212,46.08,96,52,2.62
278,Jining,CN,2021-12-30 19:23:12,35.405,116.5814,31.48,43,4,2.73
279,Ledyard,US,2021-12-30 19:23:13,41.4398,-72.0142,46.4,87,90,4.0
280,Strezhevoy,RU,2021-12-30 19:23:13,60.7333,77.5889,-11.02,100,75,5.75
281,Lumphat,KH,2021-12-30 19:23:13,13.4878,106.9816,70.63,69,96,8.39
282,Husavik,IS,2021-12-30 19:23:14,66.0449,-17.3389,21.11,88,63,9.04
283,Sundsvall,SE,2021-12-30 19:23:14,62.3913,17.3063,23.97,84,20,3.44
284,Vygonichi,RU,2021-12-30 19:23:15,53.0985,34.0673,19.51,100,92,6.71
285,Bontang,ID,2021-12-30 19:23:15,0.1333,117.5,77.36,87,100,7.99
286,Nishihara,JP,2021-12-30 19:23:15,26.1842,127.7558,60.08,55,20,17.27
287,Elban,RU,2021-12-30 19:23:16,50.1018,136.5094,-19.98,95,100,3.49
288,Faanui,PF,2021-12-30 19:23:16,-16.4833,-151.75,81.43,70,19,19.93
289,Antalaha,MG,2021-12-30 19:23:16,-14.9003,50.2788,76.44,89,100,7.23
290,Esmeraldas,BR,2021-12-30 19:23:17,-19.7625,-44.3139,71.91,98,100,3.15
291,Phillaur,IN,2021-12-30 19:23:17,31.0292,75.7842,48.33,60,99,2.55
292,Malakal,SS,2021-12-30 19:23:18,9.5334,31.6605,82.78,24,90,9.69
293,Shyryayeve,UA,2021-12-30 19:23:18,47.3805,30.1964,24.73,93,95,1.72
294,Padang,ID,2021-12-30 19:23:18,-0.9492,100.3543,77.0,89,100,3.65
295,Gizo,SB,2021-12-30 19:23:19,-8.103,156.8419,80.65,79,100,3.24
296,Orange,US,2021-12-30 19:23:19,33.7,-117.7675,61.81,80,100,1.99
297,Qandala,SO,2021-12-30 19:23:20,11.472,49.8728,77.07,73,12,4.36
298,Port Blair,IN,2021-12-30 19:23:20,11.6667,92.75,80.89,76,0,12.64
299,Pisco,PE,2021-12-30 19:23:20,-13.7,-76.2167,78.85,61,0,19.57
300,Darnah,LY,2021-12-30 19:23:21,32.767,22.6367,58.37,71,99,22.68
301,Arlit,NE,2021-12-30 19:23:21,18.7369,7.3853,70.41,18,91,10.71
302,Vila Franca Do Campo,PT,2021-12-30 19:23:21,37.7167,-25.4333,65.19,92,100,31.52
303,Iqaluit,CA,2021-12-30 19:23:22,63.7506,-68.5145,11.93,73,90,14.97
304,Deputatskiy,RU,2021-12-30 19:23:22,69.3,139.9,-36.76,100,99,1.1
305,Vao,NC,2021-12-30 19:23:23,-22.6667,167.4833,76.48,81,100,25.05
306,Los Llanos De Aridane,ES,2021-12-30 19:23:23,28.6585,-17.9182,70.12,40,0,5.99
307,Mehamn,NO,2021-12-30 19:23:23,71.0357,27.8492,28.31,60,100,8.34
308,Nome,US,2021-12-30 19:23:24,64.5011,-165.4064,-7.53,71,1,0.0
309,Fort Wellington,GY,2021-12-30 19:23:24,6.4,-57.6,79.81,79,60,13.15
310,The Valley,AI,2021-12-30 19:23:25,18.217,-63.0578,84.06,65,40,16.11
311,Mogok,MM,2021-12-30 19:23:25,22.9167,96.5,53.11,88,4,2.46
312,Prenzlau,DE,2021-12-30 19:23:26,53.3167,13.8667,52.93,95,100,17.11
313,Kasongo-Lunda,CD,2021-12-30 19:23:26,-6.4667,16.8167,70.2,98,100,2.51
314,Kamenka,RU,2021-12-30 19:24:26,51.3223,42.7678,26.74,98,100,5.99
315,Hoi An,VN,2021-12-30 19:24:27,15.8794,108.335,69.76,84,81,8.32
316,Tjome,NO,2021-12-30 19:24:27,59.1109,10.3933,40.14,100,20,9.22
317,Taltal,CL,2021-12-30 19:24:28,-25.4,-70.4833,71.04,70,11,10.71
318,Half Moon Bay,US,2021-12-30 19:24:28,37.4636,-122.4286,54.48,81,1,0.0
319,Butterworth,MY,2021-12-30 19:24:28,5.3991,100.3638,78.84,92,40,3.44
320,Bathsheba,BB,2021-12-30 19:24:29,13.2167,-59.5167,83.01,61,75,20.71
321,Aktash,RU,2021-12-30 19:24:29,50.3,87.7333,-11.04,99,100,2.66
322,Tarsus,TR,2021-12-30 19:24:30,36.9188,34.8784,55.27,58,86,8.63
323,Marsh Harbour,BS,2021-12-30 19:24:30,26.5412,-77.0636,78.87,69,20,7.54
324,Okhotsk,RU,2021-12-30 19:24:30,59.3833,143.3,-17.34,99,74,7.87
325,Talaya,RU,2021-12-30 19:24:31,61.3833,152.75,-36.56,100,100,1.07
326,Saint Anthony,US,2021-12-30 19:24:31,45.0205,-93.218,24.66,85,90,3.0
327,Mattru,SL,2021-12-30 19:24:31,7.6244,-11.8332,81.59,67,7,6.38
328,Marzuq,YE,2021-12-30 19:24:32,14.4,46.4667,62.42,73,94,6.17
329,Olafsvik,IS,2021-12-30 19:24:32,64.8945,-23.7142,30.09,65,3,6.22
330,Klaksvik,FO,2021-12-30 19:24:32,62.2266,-6.589,40.12,99,100,33.62
331,Pitimbu,BR,2021-12-30 19:24:33,-7.4706,-34.8086,86.59,67,96,11.16
332,Qeshm,IR,2021-12-30 19:24:33,26.9581,56.2719,71.47,68,5,7.92
333,Sovetskiy,RU,2021-12-30 19:24:33,61.3614,63.5842,11.88,87,90,8.86
334,Khatanga,RU,2021-12-30 19:24:34,71.9667,102.5,-32.6,100,88,2.53
335,Francisco Beltrao,BR,2021-12-30 19:24:34,-26.0811,-53.055,75.6,68,64,9.75
336,Cape Canaveral,US,2021-12-30 19:24:35,28.4058,-80.6048,84.07,64,1,8.05
337,Shache,CN,2021-12-30 19:24:35,38.4167,77.2406,21.78,59,41,3.15
338,Littleton,US,2021-12-30 19:24:13,39.6133,-105.0166,49.82,19,20,8.01
339,Huilong,CN,2021-12-30 19:24:36,31.8111,121.655,36.99,46,0,5.48
340,Sao Joao Da Barra,BR,2021-12-30 19:24:36,-21.6403,-41.0511,78.89,79,100,6.87
341,Yenagoa,NG,2021-12-30 19:24:36,4.9247,6.2642,81.43,73,53,8.23
342,Johnstown,US,2021-12-30 19:21:08,40.3267,-78.922,56.53,81,90,5.75
343,Hami,CN,2021-12-30 19:24:37,42.8,93.45,21.24,55,29,2.89
344,Fare,PF,2021-12-30 19:24:37,-16.7,-151.0167,81.16,70,14,19.01
345,Codrington,AU,2021-12-30 19:24:38,-38.2667,141.9667,59.94,51,0,3.27
346,Mandali,IQ,2021-12-30 19:24:38,33.7499,45.5541,53.87,52,27,7.92
347,Nemuro,JP,2021-12-30 19:24:38,43.3236,145.575,25.74,93,100,14.52
348,Ternate,ID,2021-12-30 19:24:39,0.8,127.4,79.25,81,85,3.49
349,Poli,TZ,2021-12-30 19:24:39,-3.3333,36.8,62.55,85,100,3.87
350,Robat Karim,IR,2021-12-30 19:24:39,35.4846,51.0829,44.46,75,100,4.61
351,Mykhaylivka,UA,2021-12-30 19:24:40,47.2724,35.2224,23.27,96,57,4.38
352,Vanavara,RU,2021-12-30 19:24:40,60.34,102.2797,3.78,96,100,6.2
353,San Matias,BO,2021-12-30 19:24:40,-16.3667,-58.4,88.95,67,83,2.06
354,Valenca,BR,2021-12-30 19:24:41,-13.3703,-39.0731,81.7,71,82,5.08
355,Bardejov,SK,2021-12-30 19:24:41,49.2918,21.2727,39.22,99,88,5.84
356,Jambi,ID,2021-12-30 19:24:42,-1.6,103.6167,73.51,99,92,2.68
357,College,US,2021-12-30 19:21:24,64.8569,-147.8028,8.92,82,75,0.0
358,Trinidad,BO,2021-12-30 19:24:42,-14.8333,-64.9,89.58,66,20,10.36
359,Teguldet,RU,2021-12-30 19:24:43,57.3064,88.1667,-7.49,94,100,9.44
360,Karratha,AU,2021-12-30 19:24:43,-20.7377,116.8463,80.87,76,40,11.83
361,Ruteng,ID,2021-12-30 19:24:43,-8.6136,120.4721,62.01,90,30,1.52
362,Tenabo,MX,2021-12-30 19:25:44,20.05,-90.2333,91.4,34,5,7.52
363,Jatai,BR,2021-12-30 19:24:35,-17.8814,-51.7144,79.36,66,73,9.91
364,Awjilah,LY,2021-12-30 19:25:44,29.1081,21.2869,60.76,81,43,18.07
365,Kisiwani,TZ,2021-12-30 19:25:45,-4.1333,37.95,72.3,86,100,2.95
366,Miquelon,PM,2021-12-30 19:25:45,47.0975,-56.3814,34.05,73,100,6.73
367,Kruisfontein,ZA,2021-12-30 19:25:45,-34.0033,24.7314,62.89,77,100,6.15
368,Vestmannaeyjar,IS,2021-12-30 19:25:46,63.4427,-20.2734,38.39,60,40,19.57
369,Kununurra,AU,2021-12-30 19:25:46,-15.7667,128.7333,80.58,74,96,5.75
370,Humberto De Campos,BR,2021-12-30 19:25:47,-2.5983,-43.4611,84.38,69,88,9.55
371,Corralillo,CU,2021-12-30 19:25:47,22.9819,-80.5856,82.38,60,0,14.36
372,Aksarka,RU,2021-12-30 19:25:47,66.5606,67.7975,-34.2,100,53,1.66
373,Marawi,PH,2021-12-30 19:25:48,7.9986,124.2928,65.64,95,99,1.16
374,Pangody,RU,2021-12-30 19:25:48,65.85,74.4859,-21.51,100,85,2.21
375,Emba,KZ,2021-12-30 19:25:48,48.8264,58.1442,11.71,78,100,9.73
376,Benjamin Constant,BR,2021-12-30 19:25:49,-4.3831,-70.0311,86.13,74,40,2.3
377,Tura,IN,2021-12-30 19:25:49,25.5198,90.2201,57.18,61,25,3.96
378,Pekan,MY,2021-12-30 19:25:49,3.4836,103.3996,75.31,96,100,9.82
379,Harper,LR,2021-12-30 19:25:50,4.375,-7.7169,80.46,80,20,8.08
380,Guerrero Negro,MX,2021-12-30 19:25:50,27.9769,-114.0611,60.21,72,99,7.83
381,Westport,US,2021-12-30 19:21:50,41.1415,-73.3579,50.09,93,90,3.0
382,Palu,ID,2021-12-30 19:25:51,-0.8917,119.8707,76.17,96,100,1.03
383,Umm Lajj,SA,2021-12-30 19:25:51,25.0213,37.2685,67.82,59,0,8.72
384,Port Moresby,PG,2021-12-30 19:25:51,-9.4431,147.1797,76.48,87,100,9.06
385,Maldonado,UY,2021-12-30 19:22:01,-34.6667,-54.9167,94.39,19,0,11.25
386,Alyangula,AU,2021-12-30 19:25:52,-13.8483,136.4192,78.67,100,100,2.3
387,Kalach-Na-Donu,RU,2021-12-30 19:25:52,48.691,43.5264,31.32,97,84,6.64
388,Yakymivka,UA,2021-12-30 19:25:53,46.6897,35.1536,26.17,83,37,5.68
389,Faya,SA,2021-12-30 19:25:53,18.3851,42.4509,51.91,80,100,5.12
390,Blagoyevo,RU,2021-12-30 19:25:54,63.3667,47.9167,11.86,91,100,9.28
391,Birao,CF,2021-12-30 19:25:54,10.2849,22.7882,75.74,25,1,6.55
392,Ewa Beach,US,2021-12-30 19:24:49,21.3156,-158.0072,73.69,85,90,3.44
393,Port Hawkesbury,CA,2021-12-30 19:25:54,45.6169,-61.3485,33.82,82,90,1.99
394,Mahibadhoo,MV,2021-12-30 19:25:55,3.7833,72.9667,81.88,70,55,17.72
395,Port Hardy,CA,2021-12-30 19:25:55,50.6996,-127.4199,35.76,86,90,2.3
396,Mantua,IT,2021-12-30 19:25:56,45.1667,10.7833,47.44,93,100,1.01
397,Saint-Francois,FR,2021-12-30 19:25:56,46.4154,3.9054,47.68,100,0,3.44
398,Zuwarah,LY,2021-12-30 19:25:56,32.9312,12.082,62.82,78,93,13.0
399,Sterling,US,2021-12-30 19:23:53,39.0062,-77.4286,55.31,93,90,5.01
400,Angoche,MZ,2021-12-30 19:25:57,-16.2325,39.9086,79.97,82,100,8.77
401,Kalmunai,LK,2021-12-30 19:25:57,7.4167,81.8167,77.07,86,36,6.17
402,San Lorenzo,PY,2021-12-30 19:25:58,-25.3333,-57.5333,99.59,35,40,8.01
403,Ulladulla,AU,2021-12-30 19:25:58,-35.35,150.4667,63.5,83,0,6.8
404,Florenville,BE,2021-12-30 19:25:58,49.6998,5.3074,53.74,95,100,8.19
405,Bridgewater,CA,2021-12-30 19:25:59,44.3835,-64.5155,38.82,88,100,5.75
406,Kroonstad,ZA,2021-12-30 19:25:59,-27.6504,27.2349,70.11,38,0,2.42
407,Bloomfield,US,2021-12-30 19:25:59,40.8068,-74.1854,52.99,87,90,1.01
408,Krasnoselkup,RU,2021-12-30 19:26:00,65.7,82.4667,-24.02,100,99,6.91
409,Mitu,CO,2021-12-30 19:26:00,1.1983,-70.1733,82.13,81,100,3.2
410,Rumoi,JP,2021-12-30 19:26:01,43.9344,141.6428,22.46,77,100,19.22
411,Surt,LY,2021-12-30 19:27:01,31.2089,16.5887,62.96,78,37,21.07
412,Bataipora,BR,2021-12-30 19:27:01,-22.2953,-53.2711,86.74,43,94,7.78
413,Cherskiy,RU,2021-12-30 19:27:02,68.75,161.3,-27.06,100,100,3.91
414,Linxia,CN,2021-12-30 19:27:02,35.6003,103.2064,25.48,62,100,2.66
415,Zeya,RU,2021-12-30 19:27:03,53.75,127.2667,-21.23,88,9,4.03
416,Halifax,CA,2021-12-30 19:27:02,44.6453,-63.5724,37.45,83,100,5.75
417,Jutai,BR,2021-12-30 19:27:03,-5.1833,-68.9,83.93,78,63,2.48
418,Cukai,MY,2021-12-30 19:27:03,4.25,103.4167,76.95,92,100,12.44
419,Kuala Terengganu,MY,2021-12-30 19:27:04,5.3302,103.1408,80.55,89,40,13.8
420,Suksun,RU,2021-12-30 19:27:04,57.1431,57.3949,4.35,90,98,4.72
421,Balgazyn,RU,2021-12-30 19:27:04,51.0,95.2,-3.42,98,100,1.12
422,Bairiki,KI,2021-12-30 19:27:05,1.3292,172.9752,80.6,83,40,3.44
423,Yaroslavl,RU,2021-12-30 19:27:05,57.6299,39.8737,13.8,85,90,4.47
424,Tucuman,AR,2021-12-30 19:27:06,-26.8241,-65.2226,98.6,41,20,3.44
425,Andra,RU,2021-12-30 19:27:06,62.5147,65.8878,12.25,95,100,7.58
426,Champerico,GT,2021-12-30 19:27:06,14.3,-91.9167,91.94,60,39,8.41
427,Rosarito,MX,2021-12-30 19:27:07,32.3333,-117.0333,63.57,82,100,9.4
428,Kvarkeno,RU,2021-12-30 19:27:07,52.0833,59.725,6.53,88,100,5.06
429,Sawtell,AU,2021-12-30 19:27:07,-30.3833,153.1,64.18,96,75,10.36
430,Carutapera,BR,2021-12-30 19:27:08,-1.195,-46.02,84.63,65,87,9.6
431,Exeter,GB,2021-12-30 19:27:08,50.7236,-3.5275,57.49,92,98,1.99
432,Eidfjord,NO,2021-12-30 19:27:08,60.4675,7.0719,47.5,99,100,5.57
433,Tautira,PF,2021-12-30 19:27:09,-17.7333,-149.15,84.22,71,9,15.57
434,Veraval,IN,2021-12-30 19:27:09,20.9,70.3667,69.49,53,1,16.22
435,Lata,PT,2021-12-30 19:27:09,40.1629,-8.3327,58.93,77,0,5.64
436,Sylva,RU,2021-12-30 19:27:10,58.0348,56.7635,2.57,94,100,3.58
437,Cervo,ES,2021-12-30 19:27:10,43.6702,-7.4101,52.97,78,0,6.08
438,Kloulklubed,PW,2021-12-30 19:23:40,7.0419,134.2556,81.1,76,100,16.22
439,Mogadishu,SO,2021-12-30 19:27:11,2.0371,45.3438,78.06,76,85,20.54
440,Bahia Blanca,AR,2021-12-30 19:26:47,-38.7196,-62.2724,81.79,27,0,15.9
441,Tak Bai,TH,2021-12-30 19:27:11,6.2595,102.0546,80.58,86,100,16.08
442,Smithers,CA,2021-12-30 19:27:12,54.7804,-127.1743,-3.68,84,75,2.3
443,Cayenne,GF,2021-12-30 19:27:12,4.9333,-52.3333,82.44,83,75,8.01
444,High Level,CA,2021-12-30 19:25:14,58.5169,-117.136,-20.09,76,20,8.05
445,Tutoia,BR,2021-12-30 19:27:12,-2.7619,-42.2744,87.78,74,94,12.06
446,Chaplynka,UA,2021-12-30 19:27:13,46.3651,33.5403,29.25,77,100,4.74
447,Westerland,DE,2021-12-30 19:27:13,54.9079,8.3033,49.17,93,90,14.97
448,Tsaratanana,MG,2021-12-30 19:27:13,-16.7833,47.65,76.66,81,72,4.38
449,Bayan,CN,2021-12-30 19:27:14,46.0833,127.4,-20.72,95,20,4.09
450,Sola,VU,2021-12-30 19:27:14,-13.8833,167.55,82.54,80,100,10.45
451,Santa Maria,BR,2021-12-30 19:27:14,-29.6842,-53.8069,87.1,42,40,5.75
452,Srandakan,ID,2021-12-30 19:27:15,-7.9386,110.2506,60.73,84,100,5.75
453,Caraballeda,VE,2021-12-30 19:27:15,10.6112,-66.8522,86.07,70,75,6.91
454,Fort Pierce,US,2021-12-30 19:27:16,27.4467,-80.3256,86.05,60,20,4.61
455,Rincon,US,2021-12-30 19:26:41,32.296,-81.2354,82.36,73,90,12.66
456,Kavaratti,IN,2021-12-30 19:27:16,10.5669,72.642,80.46,71,81,6.31
457,Mount Isa,AU,2021-12-30 19:27:17,-20.7333,139.5,74.97,43,6,6.91
458,Kidal,ML,2021-12-30 19:27:17,18.4411,1.4078,72.41,18,0,10.27
459,Naze,JP,2021-12-30 19:28:17,28.3667,129.4833,54.91,57,31,16.53
460,Redlands,US,2021-12-30 19:28:18,34.0556,-117.1825,57.52,67,75,6.91
461,Alamogordo,US,2021-12-30 19:28:18,32.8995,-105.9603,57.56,47,1,8.01
462,West Bay,KY,2021-12-30 19:28:19,19.3667,-81.4167,85.05,76,20,1.99
463,Hearst,CA,2021-12-30 19:27:02,49.6835,-83.6665,10.65,76,96,5.84
464,Berea,US,2021-12-30 19:28:19,41.3662,-81.8543,45.18,89,90,1.01
465,Nagato,JP,2021-12-30 19:28:19,34.3833,131.2,40.91,59,100,26.17
466,Ekhabi,RU,2021-12-30 19:28:20,53.5102,142.9671,17.91,94,100,20.36
467,Weihai,CN,2021-12-30 19:28:20,37.5017,122.1136,31.91,57,94,14.03
468,Fershampenuaz,RU,2021-12-30 19:28:21,53.5202,59.8117,2.84,89,97,5.97
469,Ostersund,SE,2021-12-30 19:26:36,63.1792,14.6357,18.61,100,91,5.75
470,Homer,US,2021-12-30 19:28:21,59.6425,-151.5483,30.78,76,1,0.0
471,Tres Lagoas,BR,2021-12-30 19:25:53,-20.7511,-51.6783,85.41,51,87,4.7
472,Guanare,VE,2021-12-30 19:28:22,9.0418,-69.7421,96.82,49,100,4.61
473,Thompson,CA,2021-12-30 19:28:22,55.7435,-97.8558,-23.64,69,75,4.61
474,Tsabong,BW,2021-12-30 19:28:23,-26.0217,22.401,85.32,16,0,14.7
475,Salinas,US,2021-12-30 19:24:05,36.6777,-121.6555,56.82,76,1,0.0
476,Zaraza,VE,2021-12-30 19:28:23,9.3503,-65.3245,87.01,49,100,7.0
477,Hervey Bay,AU,2021-12-30 19:23:37,-25.2986,152.8535,72.03,73,96,21.54
478,Port Macquarie,AU,2021-12-30 19:28:24,-31.4333,152.9167,62.89,85,29,4.27
479,Turbat,PK,2021-12-30 19:28:24,26.0023,63.044,62.89,71,100,6.58
480,Acapulco,MX,2021-12-30 19:26:55,16.8634,-99.8901,84.02,58,1,5.75
481,Eureka,US,2021-12-30 19:24:00,40.8021,-124.1637,49.93,84,87,1.99
482,Langenburg,DE,2021-12-30 19:28:25,49.2544,9.8458,55.92,87,90,9.22
483,Florianopolis,BR,2021-12-30 19:24:06,-27.6146,-48.5012,79.38,69,40,1.99
484,Luderitz,NA,2021-12-30 19:28:25,-26.6481,15.1594,65.35,70,0,23.17
485,Mucurapo,TT,2021-12-30 19:28:26,10.6667,-61.5333,86.05,65,25,1.01
486,Pudozh,RU,2021-12-30 19:28:26,61.8099,36.5345,10.44,95,100,7.81
487,Abha,SA,2021-12-30 19:28:27,18.2164,42.5053,51.62,93,20,0.0
488,Pirovskoye,RU,2021-12-30 19:28:27,57.6267,92.2658,-4.58,89,100,13.47
489,Vostok,RU,2021-12-30 19:28:27,46.4856,135.8833,-27.06,100,100,2.73
490,Prieska,ZA,2021-12-30 19:28:28,-29.6641,22.7474,79.99,19,1,15.1
491,Geraldton,AU,2021-12-30 19:28:28,-28.7667,114.6,70.21,88,75,11.5
492,Seddon,AU,2021-12-30 19:28:29,-37.8068,144.8916,69.37,80,0,3.44
493,Gueret,FR,2021-12-30 19:28:29,46.1667,1.8667,50.63,97,5,3.69
494,Carlsbad,US,2021-12-30 19:26:22,33.1581,-117.3506,65.57,69,90,5.01
495,Pontes E Lacerda,BR,2021-12-30 19:28:29,-15.2261,-59.3353,86.67,69,17,2.48
496,Tromso,NO,2021-12-30 19:28:17,69.6496,18.957,23.02,86,40,2.3
497,Hasaki,JP,2021-12-30 19:28:30,35.7333,140.8333,32.4,71,13,16.53
498,Pandan,PH,2021-12-30 19:28:30,14.0453,124.1694,76.15,77,100,19.71
499,San Policarpo,PH,2021-12-30 19:28:31,12.1791,125.5072,78.37,83,100,20.67
500,Trincomalee,LK,2021-12-30 19:28:31,8.5711,81.2335,78.98,81,18,10.74
501,Buraydah,SA,2021-12-30 19:28:31,26.326,43.975,55.85,71,0,13.44
502,Probistip,MK,2021-12-30 19:28:32,42.0031,22.1786,42.1,90,96,5.5
503,Praia,CV,2021-12-30 19:28:32,14.9215,-23.5087,81.14,34,20,11.5
504,Vila Do Maio,CV,2021-12-30 19:28:33,15.1333,-23.2167,81.39,71,0,8.43
505,Along,IN,2021-12-30 19:29:33,28.1667,94.7667,54.27,96,87,1.39
506,Banda Aceh,ID,2021-12-30 19:29:33,5.5577,95.3222,78.08,84,57,10.56
507,San Andres,CO,2021-12-30 19:24:50,12.5847,-81.7006,86.02,66,20,14.97
508,Lake Wales,US,2021-12-30 19:29:34,27.9014,-81.5859,84.72,59,1,6.91
509,Manaure,CO,2021-12-30 19:29:34,11.7751,-72.4445,91.51,40,100,20.27
510,Barra Do Garcas,BR,2021-12-30 19:29:35,-15.89,-52.2567,79.38,83,75,4.61
511,Syracuse,IT,2021-12-30 19:25:15,37.0881,15.2792,57.88,82,2,8.97
512,Songjianghe,CN,2021-12-30 19:29:35,42.1859,127.479,-11.74,92,65,4.03
513,Sindor,RU,2021-12-30 19:29:36,62.8629,51.8905,8.73,93,100,8.5
514,Mhango,TZ,2021-12-30 19:29:36,-3.2833,32.85,66.99,88,100,2.26
515,Leshukonskoye,RU,2021-12-30 19:29:37,64.8989,45.7622,14.65,92,100,10.07
516,Syriam,MM,2021-12-30 19:29:37,16.7722,96.2378,73.51,88,20,3.44
517,Bom Jesus Da Lapa,BR,2021-12-30 19:29:37,-13.255,-43.4181,81.57,63,100,1.95
518,Russkaya Polyana,UA,2021-12-30 19:29:38,49.417,31.9201,17.94,91,87,5.59
519,Ipixuna,BR,2021-12-30 19:29:38,-1.7625,-48.8043,84.15,71,73,6.29
520,Brejo Da Madre De Deus,BR,2021-12-30 19:29:39,-8.1458,-36.3711,79.41,58,95,13.15
521,Anadyr,RU,2021-12-30 19:29:39,64.75,177.4833,0.1,78,75,2.24
522,Nevel,RU,2021-12-30 19:29:39,56.0209,29.9284,19.06,95,99,7.14
523,Babushkin,RU,2021-12-30 19:29:40,51.7122,105.8647,17.01,83,100,4.61
524,San Ramon,US,2021-12-30 19:26:48,37.7799,-121.978,52.09,76,1,1.01
525,Gold Coast,AU,2021-12-30 19:29:40,-28.0,153.4333,70.25,87,75,3.0
526,Tete,MZ,2021-12-30 19:29:41,-16.1564,33.5867,93.29,40,20,8.05
527,Bouca,CF,2021-12-30 19:29:41,6.5105,18.2733,79.83,26,12,3.02
528,Shitanjing,CN,2021-12-30 19:29:41,39.2342,106.3439,17.74,43,5,4.7
529,Turayf,SA,2021-12-30 19:29:42,31.6725,38.6637,44.85,87,0,11.5
530,Nesbyen,NO,2021-12-30 19:29:42,60.5681,9.1027,46.89,97,77,3.4
531,Bandarbeyla,SO,2021-12-30 19:29:42,9.4942,50.8122,77.13,79,32,16.51
532,Necochea,AR,2021-12-30 19:29:43,-38.5473,-58.7368,71.04,65,70,25.01
533,Tairua,NZ,2021-12-30 19:29:43,-37.0167,175.85,64.24,69,31,11.36
534,Montrose,US,2021-12-30 19:29:44,38.4166,-108.2673,29.77,85,79,19.19
535,Olavarria,AR,2021-12-30 19:29:44,-36.8927,-60.3225,93.76,17,7,7.99
536,Springbok,ZA,2021-12-30 19:29:44,-29.6643,17.8865,63.99,42,0,5.57
537,Harwich,GB,2021-12-30 19:29:45,51.9419,1.2844,59.29,85,96,8.01
538,Kaura Namoda,NG,2021-12-30 19:29:45,12.5898,6.5779,74.07,19,7,9.55
539,Popova,RU,2021-12-30 19:29:45,42.9603,131.7228,-3.91,70,6,21.18
540,Bhadrapur,NP,2021-12-30 19:29:46,26.544,88.0944,60.67,65,23,3.8
541,Roald,NO,2021-12-30 19:29:46,62.5833,6.1333,36.91,93,0,8.05
542,Hobyo,SO,2021-12-30 19:29:47,5.3505,48.5268,77.67,71,36,18.92
543,Cumberland,US,2021-12-30 19:29:47,35.0502,-78.8664,70.3,90,90,10.36
544,Obo,CF,2021-12-30 19:29:48,5.3998,26.4869,80.46,34,100,4.34
545,Quatre Cocos,MU,2021-12-30 19:29:48,-20.2078,57.7625,77.11,62,43,14.81
546,Cefalu,IT,2021-12-30 19:29:48,38.0386,14.0229,57.54,82,41,3.0
547,Asekeyevo,RU,2021-12-30 19:29:49,53.5742,52.7972,11.97,95,95,7.38
548,Huron,US,2021-12-30 19:29:49,41.1501,-82.5499,46.11,92,99,5.99
549,Henties Bay,NA,2021-12-30 19:29:50,-22.116,14.2845,61.86,84,0,8.57
550,Yar-Sale,RU,2021-12-30 19:29:50,66.8333,70.8333,-31.29,100,49,4.38
551,Beira,MZ,2021-12-30 19:29:50,-19.8436,34.8389,80.69,78,20,9.22
552,Valleyview,CA,2021-12-30 19:30:51,55.0667,-117.2859,-18.36,76,100,6.91
553,Smederevo,RS,2021-12-30 19:30:51,44.6628,20.93,41.14,87,44,3.38
